"GalCV";"NGalNm";"FGalNm";"Amb";"Hosp"
"00001";"zuigtabl. Pastille";"past. Pastille";true;false
"00002";"tabl.";"compr.";true;false
"00003";"kauwtabl. D3 Sinaasappel";"compr. à croquer D3 Orange";true;false
"00004";"inj./inf. oploss. i.v. [amp.]";"sol. inj./perf. i.v. [amp.]";true;false
"00005";"vag. afgiftesysteem";"système de diffusion vag.";true;false
"00006";"tabl. (deelb.) Besilaat";"compr. (séc.) Besilaat";true;false
"00007";"filmomh. tabl. (deelb.)";"compr. pellic. (séc.)";true;false
"00008";"disp. tabl. (deelb.) Disp.";"compr. disp. (séc.) Disp.";true;false
"00009";"filmomh. tabl.";"compr. pellic.";true;false
"00010";"tabl. (deelb.)";"compr. (séc.)";true;false
"00011";"harde caps.";"gél.";true;false
"00012";"bruisgran. (zakjes)";"gran. efferv. (sachet)";true;false
"00013";"orofar. zuigtabl. Munt";"past. orophar. Menthe";true;false
"00014";"harde caps. Lidose";"gél. Lidose";true;false
"00015";"inj. oploss. i.m. [flac.]";"sol. inj. i.m. [flac.]";true;false
"00016";"inf. oploss. (conc.) i.v. [flac.]";"sol. perf. à diluer i.v. [flac.]";true;false
"00017";"zuigtabl. (zonder suiker) Mint";"past. (sans sucre) Mint";true;false
"00018";"kauwtabl. D3";"compr. à croquer D3";true;false
"00019";"zachte caps.";"caps. molle";true;false
"00020";"verband Niet-klevend";"pansement Non adhésif";true;false
"00021";"zalf";"pommade";true;false
"00022";"kauwtabl. Forte Citroen";"compr. à croquer Forte Citron";true;false
"00023";"harde caps. verl. afgifte Diffucaps";"gél. lib. prol. Diffucaps";true;false
"00024";"inj./inf. oploss. i.v. [flac.]";"sol. inj./perf. i.v. [flac.]";true;false
"00025";"crème";"crème";true;false
"00026";"inj. susp. verl. afgifte (pdr. + solv.) i.m. [2x flac.]";"susp. inj. lib. prol. (pdr + solv.) i.m. [2x flac.]";true;false
"00027";"tabl. verl. afgifte Retard";"compr. lib. prol. Retard";true;false
"00028";"tabl. geregul. afgifte Uno";"compr. lib. modif. Uno";true;false
"00029";"bucc. tabl.";"compr. bucc.";true;false
"00030";"filmomh. tabl. Mitis";"compr. pellic. Mitis";true;false
"00031";"oploss. (gran.)";"sol. (gran.)";true;false
"00032";"inj. oploss. i.v. [voorgev. spuit]";"sol. inj. i.v. [ser. préremplie]";true;false
"00033";"gingiv./oromuc. gel";"gel gingiv./oromuq.";true;false
"00034";"transderm. lok. medic. pleister Tissugel";"emplâtre médic. transderm. local Tissugel";true;false
"00035";"orofar. zuigtabl.";"compr. à sucer orophar.";true;false
"00036";"filmomh. tabl. (deelb.) Forte";"compr. pellic. (séc.) Forte";true;false
"00037";"kauwtabl.";"compr. à croquer";true;false
"00038";"oromuc. zuigtabl. Minilozenge";"compr. à sucer oromuq. Minilozenge";true;false
"00039";"ovule";"ovule";true;false
"00040";"nas. spray oploss.";"sol. spray nas.";true;false
"00041";"orofar. zuigtabl. Honing/Citroen";"past. orophar. Miel/Citron";true;false
"00042";"inj./inf. oploss. (pdr.) i.v. [flac.]";"sol. inj./perf. (pdr) i.v. [flac.]";true;false
"00043";"oploss. (pdr.)";"sol. (pdr)";true;false
"00044";"tabl. verl. afgifte";"compr. lib. prol.";true;false
"00045";"zetpil Volw.";"supp. Adulte";true;false
"00046";"omh. tabl.";"compr. enr.";true;false
"00047";"inf. oploss. epidur. [zak]";"sol. perf. p.dural [sac]";true;false
"00048";"cut. emuls.";"émuls. cut.";true;false
"00049";"oploss.";"sol.";true;false
"00050";"inf. oploss. conc. (pdr.) i.v. [flac.]";"sol. perf. à diluer (pdr) i.v. [flac.]";true;false
"00051";"tabl. verl. afgifte (deelb.) Retard";"compr. lib. prol. (séc.) Retard";true;false
"00052";"cut. spray emuls.";"émuls. spray cut.";true;false
"00053";"inj. oploss. i.m./i.v./s.c. [voorgev. spuit]";"sol. inj. i.m./i.v./s.c. [ser. préremplie]";true;false
"00054";"cut./vag. oploss.";"sol. cut./vag.";true;false
"00055";"inj. susp. i.m./s.c. Junior [voorgev. spuit]";"susp. inj. i.m./s.c. Junior [ser. préremplie]";true;false
"00056";"inj. oploss. i.v./s.c. [voorgev. spuit]";"sol. inj. i.v./s.c. [ser. préremplie]";true;false
"00057";"inj./inf. oploss. i.m./i.v./s.c. [amp.]";"sol. inj./perf. i.m./i.v./s.c. [amp.]";true;false
"00058";"harde maagsapresist. caps.";"gél. gastro-résist.";true;false
"00059";"gran. (zakjes) Instant Aardbei/Vanille";"gran. (sachet) Instant Fraise/Vanille";true;false
"00060";"inj. oploss. (pdr. + solv.) i.v. [2x flac.]";"sol. inj. (pdr + solv.) i.v. [2x flac.]";true;false
"00061";"verband Tracheostomy";"pansement Tracheostomy";true;false
"00062";"harde caps. verl. afgifte Exel";"gél. lib. prol. Exel";true;false
"00063";"filmomh. tabl. Forte";"compr. pellic. Forte";true;false
"00064";"inf. oploss. i.v. [flac.]";"sol. perf. i.v. [flac.]";true;false
"00065";"inj. susp. verl. afgifte (pdr. + solv.) i.m. L.A.R. [flac. + voorgev. spuit]";"susp. inj. lib. prol. (pdr + solv.) i.m. L.A.R. [flac. + ser. préremplie]";true;false
"00066";"inj./inf./verneveloploss. (pdr.) i.m./i.v./inhal. [flac.]";"sol. inj./perf./inhal. nébul. (pdr) i.m./i.v./inhal. [flac.]";true;false
"00067";"inj. oploss. s.c. [voorgev. pen]";"sol. inj. s.c. [stylo prérempli]";true;false
"00068";"siroop susp. (zonder suiker) Rood Kinderen";"sirop susp. (sans sucre) Rouge Enfants";true;false
"00069";"inj. oploss. i.m./s.c. [amp.]";"sol. inj. i.m./s.c. [amp.]";true;false
"00070";"inj. susp. verl. afgifte i.m. [voorgev. spuit]";"susp. inj. lib. prol. i.m. [ser. préremplie]";true;false
"00071";"verband Signal";"pansement Signal";true;false
"00072";"inhalatiepdr. (voorverdeeld) Ellipta";"poudre inhal. (unidose) Ellipta";true;false
"00073";"verband Extra dun [Ovaal]";"pansement Extra mince [Ovale]";true;false
"00074";"verband Extra dun";"pansement Extra mince";true;false
"00075";"siroop susp. (pdr.)";"sirop susp. (pdr)";true;false
"00076";"cut. oploss. (unidose) (alc.) Getinte";"sol. (unidose) cut. (alc.) Coloré";true;false
"00077";"ocul. druppels oploss. [zonder bew.]";"collyre sol. [sans cons.]";true;false
"00078";"ocul. druppels oploss.";"collyre sol.";true;false
"00079";"inj./inf. oploss. epidur./p.neur. [flac., locoregionale infiltr.]";"sol. inj./perf. p.dural/p.neur. [flac., infiltr. locorégionale]";true;false
"00080";"transderm. pleister";"dispositif transderm.";true;false
"00081";"orodisp. tabl. Instant";"compr. orodisp. Instant";true;false
"00082";"harde caps. geregul. afgifte";"gél. lib. modif.";true;false
"00083";"harde caps. geregul. afgifte Modified Release";"gél. lib. modif. Modified Release";true;false
"00084";"wiek T";"mèche T";true;false
"00085";"inf. oploss. epidur./p.neur. [zak, locoregionale infiltr.]";"sol. perf. p.dural/p.neur. [sac, infiltr. locorégionale]";true;false
"00086";"harde caps. geregul. afgifte XR";"gél. lib. modif. XR";true;false
"00087";"inj. susp. i.m./s.c. [voorgev. spuit]";"susp. inj. i.m./s.c. [ser. préremplie]";true;false
"00088";"inhalatiepdr. (voorverdeeld) [Ellipta]";"poudre inhal. (unidose) [Ellipta]";true;false
"00089";"disp. tabl. (deelb.)";"compr. disp. (séc.)";true;false
"00090";"transderm. lok. gel";"gel transderm. local";true;false
"00091";"40 + 10 mg / 1 ml inj. susp. verl. afgifte i.artic./i.laes./i.burs./p.artic. [flac.]";"40 + 10 mg / 1 ml susp. inj. lib. prol. i.artic./i.lés./i.burs./p.artic. [flac.]";true;false
"00092";"inj. oploss. s.c. Nordiflex [voorgev. pen]";"sol. inj. s.c. Nordiflex [stylo prérempli]";true;false
"00093";"inj. oploss. i.m. Acutard [amp.]";"sol. inj. i.m. Acutard [amp.]";true;false
"00094";"inf. emuls. i.v. [flac.]";"émuls. perf. i.v. [flac.]";true;false
"00095";"inj. oploss. s.c. [voorgev. spuit]";"sol. inj. s.c. [ser. préremplie]";true;false
"00096";"harde maagsapresist. caps. EC";"gél. gastro-résist. EC";true;false
"00097";"inj./inf. emuls. i.v. [voorgev. spuit]";"émuls. inj./perf. i.v. [ser. préremplie]";true;false
"00098";"inj./inf. emuls. i.v. [amp.]";"émuls. inj./perf. i.v. [amp.]";true;false
"00099";"gorgeldrank/mondspoeling Mondwater";"gargarisme/bain de bouche Buccale";true;false
"00100";"omh. tabl. (deelb.)";"compr. enr. (séc.)";true;false
"00101";"inj./inf. oploss. i.m./i.v. [amp.]";"sol. inj./perf. i.m./i.v. [amp.]";true;false
"00102";"inj./inf. oploss. conc. (pdr.) i.v. [flac.]";"sol. inj./perf. à diluer (pdr) i.v. [flac.]";true;false
"00103";"maagsapresist. tabl.";"compr. gastro-résist.";true;false
"00104";"inj./inf. emuls. i.v. [flac.]";"émuls. inj./perf. i.v. [flac.]";true;false
"00105";"filmomh. tabl. Calcium";"compr. pellic. Calcium";true;false
"00106";"inf./instill. oploss. (conc.) i.v./i.vesic. [flac.]";"sol. perf./instill. à diluer i.v./i.vésic. [flac.]";true;false
"00107";"inj./inf. oploss. (pdr. + solv.) i.m./i.v. [flac.]";"sol. inj./perf. (pdr + solv.) i.m./i.v. [flac.]";true;false
"00108";"inf. emuls. (conc.) i.v. Kind [amp.]";"émuls. perf. à diluer i.v. Enfant [amp.]";true;false
"00109";"inj. oploss. s.c. SmartJect [voorgev. pen]";"sol. inj. s.c. SmartJect [stylo prérempli]";true;false
"00110";"or./rect. oploss. Gastro";"sol. or./rect. Gastro";true;false
"00111";"inj./inf. oploss. epidur./p.neur. [amp., locoregionale infiltr.]";"sol. inj./perf. p.dural/p.neur. [amp., infiltr. locorégionale]";true;false
"00112";"filmomh. tabl. Wekelijks";"compr. pellic. Hebdomadaire";true;false
"00113";"cut. oploss. Lotion";"sol. cut. Lotion";true;false
"00114";"transderm. gel";"gel transderm.";true;false
"00115";"bucc./or. druppels oploss.";"gtts sol. bucc./or.";true;false
"00116";"inj. oploss. (pdr.) i.camer. [flac.]";"sol. inj. (pdr) i.camér. [flac.]";true;false
"00117";"harde caps. verl. afgifte Retard";"gél. lib. prol. Retard";true;false
"00118";"inj. oploss. i.vitr. [voorgev. spuit]";"sol. inj. i.vitr. [ser. préremplie]";true;false
"00119";"transderm. pleister TTS";"dispositif transderm. TTS";true;false
"00120";"tabl. verl. afgifte (deelb.) Chrono 500";"compr. lib. prol. (séc.) Chrono 500";true;false
"00121";"oploss. (unidose)";"sol. (unidose)";true;false
"00122";"inj. susp. verl. afgifte (pdr. + solv.) i.m. SR [flac. + amp.]";"susp. inj. lib. prol. (pdr + solv.) i.m. SR [flac. + amp.]";true;false
"00123";"zetpil Zuigel.";"supp. Bébé";true;false
"00124";"gorgeldrank/mondspoeling";"gargarisme/bain de bouche";true;false
"00125";"weefsellijm (oploss.) [voorgev. spuit]";"colle (sol.) [ser. préremplie]";true;false
"00126";"oploss. (pdr., zakjes) Junior Neutral";"sol. (pdr, sachet) Junior Neutral";true;false
"00127";"oploss. (pdr., zakjes) Junior Aroma";"sol. (pdr, sachet) Junior Arome";true;false
"00128";"inj. oploss. (pdr. + solv.) i.m. [flac. + voorgev. spuit]";"sol. inj. (pdr + solv.) i.m. [flac. + ser. préremplie]";true;false
"00129";"or./rect. susp.";"susp. or./rect.";true;false
"00130";"inj. oploss. (pdr. + solv.) i.v. [flac. + voorgev. spuit]";"sol. inj. (pdr + solv.) i.v. [flac. + ser. préremplie]";true;false
"00131";"oploss. (pdr., zakjes) Neutral";"sol. (pdr, sachet) Neutral";true;false
"00132";"oploss. (pdr., zakjes)";"sol. (pdr, sachet)";true;false
"00133";"or. pasta";"pâte or.";true;false
"00134";"cut. spray oploss.";"sol. spray cut.";true;false
"00135";"zetpil Kind";"supp. Enfant";true;false
"00136";"inf. oploss. (conc.) i.v. [amp.]";"sol. perf. à diluer i.v. [amp.]";true;false
"00137";"subling. tabl.";"compr. subling.";true;false
"00138";"inj. oploss. i.thec. Hyperbar [amp.]";"sol. inj. i.théc. Hyperbar [amp.]";true;false
"00139";"inhalatiepdr. (harde caps.) Breezhaler";"poudre inhal. (gél.) Breezhaler";true;false
"00140";"verband Hydro";"pansement Hydro";true;false
"00141";"or. gel";"gel or.";true;false
"00142";"inj. susp. verl. afgifte (pdr. + solv.) i.m. [flac. + amp.]";"susp. inj. lib. prol. (pdr + solv.) i.m. [flac. + amp.]";true;false
"00143";"inj. oploss. (pdr. + solv.) i.laes. [2x flac.]";"sol. inj. (pdr + solv.) i.lés. [2x flac.]";true;false
"00144";"inj. oploss. (pdr. + solv.) s.c. [flac. + voorgev. spuit]";"sol. inj. (pdr + solv.) s.c. [flac. + ser. préremplie]";true;false
"00145";"ocul. druppels susp. (unidose) S. [zonder bew.]";"collyre susp. (unidose) S. [sans cons.]";true;false
"00146";"inhalatiepdr. (voorverdeeld) Easyhaler";"poudre inhal. (unidose) Easyhaler";true;false
"00147";"inj./inf. oploss. i.v./i.arter. [flac.]";"sol. inj./perf. i.v./i.artér. [flac.]";true;false
"00148";"transderm. pleister Invisi Patch";"dispositif transderm. Invisi Patch";true;false
"00149";"inj. susp. (pdr. + solv.) s.c. [flac. + voorgev. spuit]";"susp. inj. (pdr + solv.) s.c. [flac. + ser. préremplie]";true;false
"00150";"oploss. (gran., zakjes)";"sol. (gran., sachet)";true;false
"00151";"druppels oploss.";"gtts sol.";true;false
"00152";"inj. susp. i.m. [voorgev. spuit]";"susp. inj. i.m. [ser. préremplie]";true;false
"00153";"siroop oploss.";"sirop sol.";true;false
"00154";"transderm. lok. spray oploss.";"sol. spray transderm. local";true;false
"00155";"inj. oploss. i.v. [amp.]";"sol. inj. i.v. [amp.]";true;false
"00156";"inj./instill. oploss. i.v./i.arter./i.card./i.duct. [flac.]";"sol. inj./instill. i.v./i.artér./i.canal./i.card. [flac.]";true;false
"00157";"nas. spray susp.";"susp. spray nas.";true;false
"00158";"siroop susp.";"sirop susp.";true;false
"00159";"inf. oploss. (pdr. + solv.) i.v. [flac. + voorgev. spuit]";"sol. perf. (pdr + solv.) i.v. [flac. + ser. préremplie]";true;false
"00160";"inj./instill. susp. verl. afgifte i.m./i.artic./i.laes./i.burs./p.artic./rect. [flac.]";"susp. inj./instill. lib. prol. i.m./i.artic./i.lés./i.burs./p.artic./rect. [flac.]";true;false
"00161";"inf. oploss. conc. (pdr. + solv.) i.v. [flac. + amp.]";"sol. perf. à diluer (pdr + solv.) i.v. [flac. + amp.]";true;false
"00162";"rect. oploss.";"sol. rect.";true;false
"00163";"orofar. spray oploss.";"sol. spray orophar.";true;false
"00164";"inj. oploss. s.c. SureClick [voorgev. pen]";"sol. inj. s.c. SureClick [stylo prérempli]";true;false
"00165";"vag. crème";"crème vag.";true;false
"00166";"nas. spray oploss. Aloe";"sol. spray nas. Aloe";true;false
"00167";"inf. emuls. i.v. [voorgev. spuit]";"émuls. perf. i.v. [ser. préremplie]";true;false
"00168";"dosisaerosol susp. [inhalator]";"susp. inhal. (flacon press.) [inhalateur]";true;false
"00169";"susp. (conc.) Scanner";"susp. à diluer Scanner";true;false
"00170";"filmomh. tabl. (deelb. in 4)";"compr. pellic. (séc. en 4)";true;false
"00171";"inj. susp. verl. afgifte i.m./i.derm./i.artic./i.laes./i.burs./p.artic. [voorgev. spuit]";"susp. inj. lib. prol. i.m./i.derm./i.artic./i.lés./i.burs./p.artic. [ser. préremplie]";true;false
"00172";"dosisaerosol susp. Autohaler [ademgest.]";"susp. inhal. (flacon press.) Autohaler [déclenché par la resp.]";true;false
"00173";"inhalatiepdr. (patr.)";"poudre inhal. (cart.)";true;false
"00174";"oploss. (conc.)";"sol. à diluer";true;false
"00175";"cut. oploss.";"sol. cut.";true;false
"00176";"gran.";"gran.";true;false
"00177";"susp. (pdr., zakjes)";"susp. (pdr, sachet)";true;false
"00178";"or./rect. susp. (pdr.)";"susp. (pdr) or./rect.";true;false
"00179";"inj./inf. oploss. (pdr.) i.m./i.v. [flac.]";"sol. inj./perf. (pdr) i.m./i.v. [flac.]";true;false
"00180";"inj./inf. oploss. (pdr. + solv.) i.v. [flac. + amp.]";"sol. inj./perf. (pdr + solv.) i.v. [flac. + amp.]";true;false
"00181";"inj. oploss. i.m. [amp.]";"sol. inj. i.m. [amp.]";true;false
"00182";"i.vesic./cut./vag. oploss. (tabl.)";"sol. (compr.) i.vésic./cut./vag.";true;false
"00183";"cut. oploss. (tabl.)";"sol. (compr.) cut.";true;false
"00184";"inj./inf. oploss. (pdr.) i.v./i.arter. [flac.]";"sol. inj./perf. (pdr) i.v./i.artér. [flac.]";true;false
"00185";"cut. oploss. (alc.)";"sol. cut. (alc.)";true;false
"00186";"zetpil";"supp.";true;false
"00187";"inhalatiepdr. (harde caps.) [Aerolizer]";"poudre inhal. (gél.) [Aerolizer]";true;false
"00188";"inj. oploss. i.m. [voorgev. pen]";"sol. inj. i.m. [stylo prérempli]";true;false
"00189";"transderm. lok. gel (doseerpomp)";"gel transderm. local (pompe doseuse)";true;false
"00190";"endotrach./inhal./nas. druppels/verneveloploss. (pdr. + solv.) [druppelfl.]";"sol. gtts/inhal. nébul. (pdr + solv.) endotrach./inhal./nas. [flac. compte-gouttes]";true;false
"00191";"inhalatiepdr. (voorverdeeld) Diskus";"poudre inhal. (unidose) Diskus";true;false
"00192";"dosisaerosol oploss. [inhalator]";"sol. inhal. (flacon press.) [inhalateur]";true;false
"00193";"ocul. gel";"gel opht.";true;false
"00194";"susp. (pdr. + solv.)";"susp. (pdr + solv.)";true;false
"00195";"siroop oploss. (zonder suiker)";"sirop sol. (sans sucre)";true;false
"00196";"siroop oploss. Volw. Honing";"sirop sol. Adulte Miel";true;false
"00197";"inj. susp. (pdr.) i.m. [flac.] + inj. susp. i.m. [voorgev. spuit]";"susp. inj. (pdr) i.m. [flac.] + susp. inj. i.m. [ser. préremplie]";true;false
"00198";"cut. oploss. (alc.) Transdermaal";"sol. cut. (alc.) Transdermique";true;false
"00199";"inj./inf. oploss. (pdr. + solv.) i.v. [2x flac.]";"sol. inj./perf. (pdr + solv.) i.v. [2x flac.]";true;false
"00200";"urethr. gel (unidose)";"gel (unidose) urétr.";true;false
"00201";"gel";"gel";true;false
"00202";"inj. susp. verl. afgifte (pdr. + solv.) i.m./s.c. Depot [2x voorgev. spuit]";"susp. inj. lib. prol. (pdr + solv.) i.m./s.c. Depot [2x ser. préremplie]";true;false
"00203";"inj. susp. s.c. Solostar [voorgev. pen]";"susp. inj. s.c. Solostar [stylo prérempli]";true;false
"00204";"inj. oploss. s.c. Solostar [voorgev. pen]";"sol. inj. s.c. Solostar [stylo prérempli]";true;false
"00205";"oploss. (pdr. + solv.)";"sol. (pdr + solv.)";true;false
"00206";"nas. druppels oploss.";"gtts sol. nas.";true;false
"00207";"inhalatiepdr. Nexthaler";"poudre inhal. Nexthaler";true;false
"00208";"oploss. (pdr., zakjes) Chocoladesmaak";"sol. (pdr, sachet) Goût chocolat";true;false
"00209";"i.uter. afleveringssysteem";"système de diffusion i.utér.";true;false
"00210";"ocul. zalf [zonder bew.]";"pommade opht. [sans cons.]";true;false
"00211";"gel (doseerpomp)";"gel (pompe doseuse)";true;false
"00212";"ocul. druppels oploss. (unidose) Unidosis [zonder bew.]";"collyre sol. (unidose) Unidosis [sans cons.]";true;false
"00213";"inj. oploss. i.m./i.v./s.c. [flac.]";"sol. inj. i.m./i.v./s.c. [flac.]";true;false
"00214";"cut. oploss. Dermicum";"sol. cut. Dermique";true;false
"00215";"siroop susp. Baby";"sirop susp. Baby";true;false
"00216";"inj. oploss. i.m./i.v. [amp.]";"sol. inj. i.m./i.v. [amp.]";true;false
"00217";"inj. oploss. s.c. FlexPen [voorgev. pen]";"sol. inj. s.c. FlexPen [stylo prérempli]";true;false
"00218";"i.vesic. susp. (pdr.) [flac.]";"susp. (pdr) i.vésic. [flac.]";true;false
"00219";"inj./inf. oploss. i.v./i.arter. [amp.]";"sol. inj./perf. i.v./i.artér. [amp.]";true;false
"00220";"inj. oploss. (pdr. + solv.) i.cavern. [flac. + voorgev. spuit]";"sol. inj. (pdr + solv.) i.cavern. [flac. + ser. préremplie]";true;false
"00221";"ocul. druppels oploss. (unidose) [zonder bew.]";"collyre sol. (unidose) [sans cons.]";true;false
"00222";"inj./inf./instill. oploss. i.v./i.artic./i.laes./cut./i.oss./i.perit./i.pleur. [amp.]";"sol. inj./perf./instill. i.v./i.artic./i.lés./cut./i.oss./i.périt./i.pleur. [amp.]";true;false
"00223";"subling. lyofilisaat Melt";"lyophilisat subling. Melt";true;false
"00224";"inj./inf. oploss. i.m./i.v./s.c. [voorgev. spuit]";"sol. inj./perf. i.m./i.v./s.c. [ser. préremplie]";true;false
"00225";"orofar. spray oploss. Menthol";"sol. spray orophar. Menthol";true;false
"00226";"ocul. druppels susp.";"collyre susp.";true;false
"00227";"orodisp. tabl.";"compr. orodisp.";true;false
"00228";"transderm. spray oploss. (doseerpomp)";"sol. spray transderm. (pompe doseuse)";true;false
"00229";"siroop oploss. Aardbei";"sirop sol. Fraise";true;false
"00230";"inf. susp. (conc.) i.v. [flac.]";"susp. perf. à diluer i.v. [flac.]";true;false
"00231";"druppels oploss. (druppelfl.)";"gtts sol. (flac. compte-gouttes)";true;false
"00232";"susp. (zakjes) (zonder suiker) Zonder Suiker";"susp. (sachet) (sans sucre) Sans Sucre";true;false
"00233";"ocul. zalf";"pommade opht.";true;false
"00234";"inj. oploss. i.artic. [voorgev. spuit]";"sol. inj. i.artic. [ser. préremplie]";true;false
"00235";"siroop oploss. Junior";"sirop sol. Junior";true;false
"00236";"transderm. gel (doseerpomp)";"gel transderm. (pompe doseuse)";true;false
"00237";"inf./instill. oploss. i.v./i.vesic. CytoVial [flac.]";"sol. perf./instill. i.v./i.vésic. CytoVial [flac.]";true;false
"00238";"inf./instill. oploss. i.v./i.vesic. [flac.]";"sol. perf./instill. i.v./i.vésic. [flac.]";true;false
"00239";"gran. (zakjes) Instant Forte";"gran. (sachet) Instant Forte";true;false
"00240";"rect. oploss. Volw.";"sol. rect. Adulte";true;false
"00241";"rect. oploss. Kind";"sol. rect. Enfant";true;false
"00242";"or. poeder (zakjes)";"poudre (sachet) or.";true;false
"00243";"inj. susp. verl. afgifte (pdr. + solv.) s.c. [flac. + voorgev. spuit]";"susp. inj. lib. prol. (pdr + solv.) s.c. [flac. + ser. préremplie]";true;false
"00244";"maagsapresist. gran. (zakjes)";"gran. gastro-résist. (sachet)";true;false
"00245";"inhalatiepdr. (voorverdeeld) Genuair";"poudre inhal. (unidose) Genuair";true;false
"00246";"auric./ocul. zalf [zonder bew.]";"pommade auric./opht. [sans cons.]";true;false
"00247";"cut. oploss. (unidose)";"sol. (unidose) cut.";true;false
"00248";"cut. emuls. Crelo";"émuls. cut. Crelo";true;false
"00249";"crème Lipocrème";"crème Lipocrème";true;false
"00250";"gel (pdr. + solv. + gel)";"gel (pdr + solv. + gel)";true;false
"00251";"siroop oploss. (zonder suiker) Kind";"sirop sol. (sans sucre) Enfant";true;false
"00252";"cut./rect. zalf";"pommade cut./rect.";true;false
"00253";"siroop oploss. (zonder suiker) Volw.";"sirop sol. (sans sucre) Adulte";true;false
"00254";"vernevelsusp. (unidose)";"susp. inhal. nébul. (unidose)";true;false
"00255";"siroop oploss. Kind";"sirop sol. Enfant";true;false
"00256";"rect. susp. (tabl.) Enema";"susp. rect. (compr.) Enema";true;false
"00257";"inj. oploss. i.camer. [amp.]";"sol. inj. i.camér. [amp.]";true;false
"00258";"inj. oploss. s.mucos. [patr.]";"sol. inj. s.muq. [cart.]";true;false
"00259";"auric. druppels oploss.";"gtts sol. auric.";true;false
"00260";"inj. oploss. s.mucos. Normal [patr.]";"sol. inj. s.muq. Normal [cart.]";true;false
"00261";"inj. oploss. s.mucos. Special [patr.]";"sol. inj. s.muq. Special [cart.]";true;false
"00262";"inj. oploss. dent. [patr.]";"sol. inj. dent. [cart.]";true;false
"00263";"glob.";"glob.";true;false
"00264";"nas. spray oploss. Menthol";"sol. spray nas. Menthol";true;false
"00265";"siroop oploss. Volw.";"sirop sol. Adulte";true;false
"00266";"cut. susp. Lotion";"susp. cut. Lotion";true;false
"00267";"inj. susp. s.c. [flac.]";"susp. inj. s.c. [flac.]";true;false
"00268";"inj. susp. i.m./s.c. [flac.]";"susp. inj. i.m./s.c. [flac.]";true;false
"00269";"inj./inf. oploss. i.v./s.c. [amp.]";"sol. inj./perf. i.v./s.c. [amp.]";true;false
"00270";"auric./cut./nas./ocul. druppels susp. (pdr. + solv.)";"gtts susp. (pdr + solv.) auric./cut./nas./opht.";true;false
"00271";"cut. stift";"bâton cut.";true;false
"00272";"inj./drinkb. oploss. i.m./i.v./or. Paediatric [amp.]";"sol. inj./buv. i.m./i.v./or. Paediatric [amp.]";true;false
"00273";"susp. (gran., zakjes)";"susp. (gran., sachet)";true;false
"00274";"ocul. druppels verl. afgifte LA";"collyre lib. prol. LA";true;false
"00275";"cut. oploss. (conc.)";"sol. à diluer cut.";true;false
"00276";"crème Labialis";"crème Labialis";true;false
"00277";"cut./or./oromuc. oploss.";"sol. cut./or./oromuq.";true;false
"00278";"oromuc. spoeling";"bain de bouche oromuq.";true;false
"00279";"cut. poeder";"poudre cut.";true;false
"00280";"bruispdr. (zakjes)";"poudre efferv. (sachet)";true;false
"00281";"dent./gingiv./oromuc. gel";"gel dent./gingiv./oromuq.";true;false
"00282";"zeep";"savon";true;false
"00283";"cut. oploss. (alc.) Alcoholicus + Azorubine";"sol. cut. (alc.) Alcoholicus + Azorubine";true;false
"00284";"cut. oploss. (alc.) Alcoholicus";"sol. cut. (alc.) Alcoholicus";true;false
"00285";"susp. (susp. + bruisgran.)";"susp. (susp. + gran. efferv.)";true;false
"00286";"vag. gel (unidose)";"gel vag. (unidose)";true;false
"00287";"gingiv./oromuc. spray oploss.";"sol. spray gingiv./oromuq.";true;false
"00288";"gingiv./oromuc. geïmpr. wattenschijfjes Pellets";"tampon impr. gingiv./oromuq. Pellets";true;false
"00289";"epilaes. medic. spons";"éponge médic. épilés.";true;false
"00290";"inj. oploss. (pdr. + solv.) s.c. [voorgev. pen]";"sol. inj. (pdr + solv.) s.c. [stylo prérempli]";true;false
"00291";"druppels susp.";"gtts susp.";true;false
"00292";"susp. (gran. + solv.)";"susp. (gran. + solv.)";true;false
"00293";"auric./ocul. druppels oploss.";"gtts sol. auric./opht.";true;false
"00294";"verband";"pansement";true;false
"00295";"nas. druppels oploss. Sine Conservans Baby";"gtts sol. nas. Sine Conservans Bébé";true;false
"00296";"nas. spray oploss. Sine Conservans";"sol. spray nas. Sine Conservans";true;false
"00297";"nas. spray oploss. Sine Conservans Pediatrie";"sol. spray nas. Sine Conservans Pediatrie";true;false
"00298";"inj./inf. oploss. (conc.) i.v./s.c. [voorgev. spuit]";"sol. inj./perf. à diluer i.v./s.c. [ser. préremplie]";true;false
"00299";"siroop susp. (gran.)";"sirop susp. (gran.)";true;false
"00300";"cut. oploss. Topical";"sol. cut. Topical";true;false
"00301";"cut. susp. Wash";"susp. cut. Wash";true;false
"00302";"inf. oploss. (pdr.) i.v. [flac.]";"sol. perf. (pdr) i.v. [flac.]";true;false
"00303";"oploss. (pdr., zakjes) Junior";"sol. (pdr, sachet) Junior";true;false
"00304";"transderm. lok. gel Emulgel";"gel transderm. local Emulgel";true;false
"00305";"transderm. lok. spray oploss. Spray";"sol. spray transderm. local Spray";true;false
"00306";"i.vesic. susp. (pdr. + solv.) [flac. + zak]";"susp. (pdr + solv.) i.vésic. [flac. + sac]";true;false
"00307";"inhalatiepdr. (patr.) [Novolizer]";"poudre inhal. (cart.) [Novolizer]";true;false
"00308";"ocul. druppels oploss. (unidose)";"collyre sol. (unidose)";true;false
"00309";"medic. nagellak";"vernis à ongles médic.";true;false
"00310";"inj. susp. s.c. FlexPen [voorgev. pen]";"susp. inj. s.c. FlexPen [stylo prérempli]";true;false
"00311";"gel (pdr. + gel)";"gel (pdr + gel)";true;false
"00312";"rect. schuim Foam";"mousse rect. Foam";true;false
"00313";"rect. gel";"gel rect.";true;false
"00314";"bruistabl.";"compr. efferv.";true;false
"00315";"geïmpr. verbandgaas";"compresse impr.";true;false
"00316";"inj./inf. oploss. i.v. [voorgev. spuit]";"sol. inj./perf. i.v. [ser. préremplie]";true;false
"00317";"inj. susp. verl. afgifte i.m./i.derm./i.artic./i.laes./i.burs./p.artic. [amp.]";"susp. inj. lib. prol. i.m./i.derm./i.artic./i.lés./i.burs./p.artic. [amp.]";true;false
"00318";"harde caps. Volw.";"gél. Adulte";true;false
"00319";"harde caps. Kind";"gél. Enfant";true;false
"00320";"inj. oploss./inf. oploss. (conc.) i.thec./epidur./p.neur. [amp., locoregionale infiltr.]";"sol. inj./sol. perf. à diluer i.théc./p.dural/p.neur. [amp., infiltr. locorégionale]";true;false
"00321";"inj. oploss. (pdr.) s.c. [flac.]";"sol. inj. (pdr) s.c. [flac.]";true;false
"00322";"gran. (zakjes)";"gran. (sachet)";true;false
"00323";"inj. susp. verl. afgifte (pdr. + solv.) i.m. Consta [flac. + voorgev. spuit]";"susp. inj. lib. prol. (pdr + solv.) i.m. Consta [flac. + ser. préremplie]";true;false
"00324";"inj. oploss. (pdr. + solv.) i.v. [2x flac., Baxject III]";"sol. inj. (pdr + solv.) i.v. [2x flac., Baxject III]";true;false
"00325";"tabl. verl. afgifte Oros";"compr. lib. prol. Oros";true;false
"00326";"inj. oploss. verl. afgifte i.m. Decanoas [amp.]";"sol. inj. lib. prol. i.m. Decanoas [amp.]";true;false
"00327";"inj. oploss. verl. afgifte i.m. Depot [amp.]";"sol. inj. lib. prol. i.m. Depot [amp.]";true;false
"00328";"inf. oploss. (conc. + solv.) i.v. [2x flac.]";"sol. perf. (sol. à diluer + solv.) i.v. [2x flac.]";true;false
"00329";"siroop oploss. Honing & Citroen";"sirop sol. Miel & Citron";true;false
"00330";"susp. (gran., zakjes) Junior";"susp. (gran., sachet) Junior";true;false
"00331";"inhal. verneveloploss. (pdr. + solv.) [flac. + amp.]";"sol. inhal. nébul. (pdr + solv.) inhal. [flac. + amp.]";true;false
"00332";"subling. lyofilisaat";"lyophilisat subling.";true;false
"00333";"oromuc. spray oploss. Freshmint";"sol. spray oromuq. Freshmint";true;false
"00334";"inf. oploss. conc. (pdr. + solv.) i.v. [flac.]";"sol. perf. à diluer (pdr + solv.) i.v. [flac.]";true;false
"00335";"gel (alc.) Viscorub";"gel (alc.) Viscorub";true;false
"00336";"oploss. (unidose) Forte";"sol. (unidose) Forte";true;false
"00337";"ocul. gel (unidose) [zonder bew.]";"gel (unidose) opht. [sans cons.]";true;false
"00338";"gel (doseerpomp) Forte";"gel (pompe doseuse) Forte";true;false
"00339";"inj./inf. oploss. i.thec. [amp.]";"sol. inj./perf. i.théc. [amp.]";true;false
"00340";"inj./instill. oploss. i.v./i.arter./i.card./i.duct./i.uter. [flac.]";"sol. inj./instill. i.v./i.artér./i.canal./i.card./i.utér. [flac.]";true;false
"00341";"inj./instill. oploss. i.v./i.thec./i.arter./i.duct. [flac.]";"sol. inj./instill. i.v./i.théc./i.artér./i.canal. [flac.]";true;false
"00342";"inj. oploss. i.v./s.c. [patr.]";"sol. inj. i.v./s.c. [cart.]";true;false
"00343";"inj. oploss. s.c. [flac.]";"sol. inj. s.c. [flac.]";true;false
"00344";"p.odont. gel [patr.]";"gel p.odont. [cart.]";true;false
"00345";"auric. druppels oploss. (unidose)";"gtts sol. (unidose) auric.";true;false
"00346";"0,5% - 1/200 000 inj. oploss. epidur./p.neur. [flac., locoregionale infiltr.]";"0,5% - 1/200 000 sol. inj. p.dural/p.neur. [flac., infiltr. locorégionale]";true;false
"00347";"siroop susp. (gran.) Kids";"sirop susp. (gran.) Kids";true;false
"00348";"inj. oploss. s.c. ClickJect [voorgev. pen]";"sol. inj. s.c. ClickJect [stylo prérempli]";true;false
"00349";"inhalatiepdr. (voorverdeeld) Turbohaler";"poudre inhal. (unidose) Turbohaler";true;false
"00350";"nas. druppels oploss. Kind";"gtts sol. nas. Enfant";true;false
"00351";"nas. spray oploss. Sine Conservans Kind";"sol. spray nas. Sine Conservans Enfant";true;false
"00352";"ocul. druppels susp. S.";"collyre susp. S.";true;false
"00353";"i.vitr. implantaat [implantaatinjector]";"implant i.vitr. [pistolet pour implant]";true;false
"00354";"inj. oploss. i.m./s.c. [voorgev. spuit]";"sol. inj. i.m./s.c. [ser. préremplie]";true;false
"00355";"ocul. druppels susp. Forte";"collyre susp. Forte";true;false
"00356";"inhalatiepdr. (harde caps.) [Breezhaler]";"poudre inhal. (gél.) [Breezhaler]";true;false
"00357";"inj./inf. oploss. i.v./i.arter. [voorgev. spuit]";"sol. inj./perf. i.v./i.artér. [ser. préremplie]";true;false
"00358";"inj. oploss. (pdr. + solv.) i.v. [voorgev. spuit]";"sol. inj. (pdr + solv.) i.v. [ser. préremplie]";true;false
"00359";"endocerv. gel [voorgev. spuit]";"gel endocerv. [ser. préremplie]";true;false
"00360";"dosisaerosol oploss. Autohaler [ademgest.]";"sol. inhal. (flacon press.) Autohaler [déclenché par la resp.]";true;false
"00361";"nas. druppels oploss. Kinderen";"gtts sol. nas. Enfants";true;false
"00362";"inj. oploss. i.m. [voorgev. spuit]";"sol. inj. i.m. [ser. préremplie]";true;false
"00363";"nas. poeder Turbohaler";"poudre nas. Turbohaler";true;false
"00364";"nas. spray oploss. Eucalyptus";"sol. spray nas. Eucalyptus";true;false
"00365";"harde caps. verl. afgifte";"gél. lib. prol.";true;false
"00366";"dosisaerosol susp. Evohaler";"susp. inhal. (flacon press.) Evohaler";true;false
"00367";"inj. oploss. i.v./i.arter. [flac.]";"sol. inj. i.v./i.artér. [flac.]";true;false
"00368";"inj. susp. s.c. [voorgev. spuit]";"susp. inj. s.c. [ser. préremplie]";true;false
"00369";"inj. susp. s.c. Press [voorgev. spuit]";"susp. inj. s.c. Press [ser. préremplie]";true;false
"00370";"druppels vloeist.";"gtts liq.";true;false
"00371";"tabl. (deelb. in 4)";"compr. (séc. en 4)";true;false
"00372";"inhalatiepdr. (harde caps.) Handihaler";"poudre inhal. (gél.) Handihaler";true;false
"00373";"inj. susp. (pdr. + solv.) i.m./s.c. [flac. + voorgev. spuit]";"susp. inj. (pdr + solv.) i.m./s.c. [flac. + ser. préremplie]";true;false
"00374";"inhalatieoploss. (patr.) Respimat";"sol. inhal. (cart.) Respimat";true;false
"00375";"inj. susp. (pdr. + solv.) i.v. [flac. + voorgev. spuit]";"susp. inj. (pdr + solv.) i.v. [flac. + ser. préremplie]";true;false
"00376";"inj. susp. (pdr. + solv.) i.m. [flac. + voorgev. spuit]";"susp. inj. (pdr + solv.) i.m. [flac. + ser. préremplie]";true;false
"00377";"inhalatiepdr. (voorverdeeld) Forte Turbohaler";"poudre inhal. (unidose) Forte Turbohaler";true;false
"00378";"inj. oploss. i.v./i.arter./i.card. [flac.]";"sol. inj. i.v./i.artér./i.card. [flac.]";true;false
"00379";"auric./ocul. druppels susp. [zonder bew.]";"gtts susp. auric./opht. [sans cons.]";true;false
"00380";"inhalatiepdr. (harde caps.) Podhaler";"poudre inhal. (gél.) Podhaler";true;false
"00381";"omh. tabl. Fasttabs";"compr. enr. Fasttabs";true;false
"00382";"siroop oploss. Honing";"sirop sol. Miel";true;false
"00383";"inj./inf./instill. oploss. i.v./i.arter./i.card. [flac.]";"sol. inj./perf./instill. i.v./i.artér./i.card. [flac.]";true;false
"00384";"inj./inf./instill. oploss. i.v./i.arter./i.uter. [flac.]";"sol. inj./perf./instill. i.v./i.artér./i.utér. [flac.]";true;false
"00385";"oplosb. tabl. (deelb.)";"compr. sol. (séc.)";true;false
"00386";"inj./instill. oploss. i.v./i.artic./i.thec./i.arter./i.uter./or./rect. [flac.]";"sol. inj./instill. i.v./i.artic./i.théc./i.artér./i.utér./or./rect. [flac.]";true;false
"00387";"verband Sacral";"pansement Sacral";true;false
"00388";"inj. susp. i.m./s.c. Paediatric [voorgev. spuit]";"susp. inj. i.m./s.c. Enfant [ser. préremplie]";true;false
"00389";"verneveloploss. [druppelfl.]";"sol. inhal. nébul. [flac. compte-gouttes]";true;false
"00390";"cut. schuim";"mousse cut.";true;false
"00391";"shampoo";"shampooing";true;false
"00392";"verband Border";"pansement Border";true;false
"00393";"orofar. spray oploss. Lemon";"sol. spray orophar. Lemon";true;false
"00394";"inhalatiepdr. (harde caps.) [inhalator]";"poudre inhal. (gél.) [inhalateur]";true;false
"00395";"gingiv./oromuc. spray oploss. (alc.)";"sol. spray gingiv./oromuq. (alc.)";true;false
"00396";"inj. oploss. (pdr. + solv.) i.m./s.c. [flac. + voorgev. spuit]";"sol. inj. (pdr + solv.) i.m./s.c. [flac. + ser. préremplie]";true;false
"00544";"cut. oploss. (alc.) Hydroalcoholische";"sol. cut. (alc.) Hydroalcoolique";true;false
"00397";"inj. oploss. verl. afgifte (pdr. + solv.) s.c. [2x voorgev. spuit]";"sol. inj. lib. prol. (pdr + solv.) s.c. [2x ser. préremplie]";true;false
"00398";"siroop oploss. Pediatrie";"sirop sol. Pédiatrie";true;false
"00399";"cut. oploss. Crème Rinse";"sol. cut. Crème Rinse";true;false
"00400";"dent. gel";"gel dent.";true;false
"00401";"susp. Pediatrie";"susp. Pédiatrie";true;false
"00402";"susp.";"susp.";true;false
"00403";"ocul. druppels oploss. Ocumeter Plus";"collyre sol. Ocumeter Plus";true;false
"00404";"cut. oploss. (unidose) (alc.)";"sol. (unidose) cut. (alc.)";true;false
"00405";"inj. susp. verl. afgifte (pdr. + solv.) i.m. Maintena [2x flac.]";"susp. inj. lib. prol. (pdr + solv.) i.m. Maintena [2x flac.]";true;false
"00406";"inj. oploss. i.v./s.c. [flac.]";"sol. inj. i.v./s.c. [flac.]";true;false
"00407";"inf. susp. (pdr.) i.v. [flac.]";"susp. perf. (pdr) i.v. [flac.]";true;false
"00408";"lyofilisaat Lyo";"lyophilisat Lyo";true;false
"00409";"inj./instill. oploss. i.m./i.v./i.artic./i.burs./rect. [amp.]";"sol. inj./instill. i.m./i.v./i.artic./i.burs./rect. [amp.]";true;false
"00410";"s.c. implantaat [implantaatinjector]";"implant s.c. [pistolet pour implant]";true;false
"00411";"inj. oploss. i.m./i.v./s.c. [amp.]";"sol. inj. i.m./i.v./s.c. [amp.]";true;false
"00412";"inj. oploss. i.v./s.c. Penfill [patr.]";"sol. inj. i.v./s.c. Penfill [cart.]";true;false
"00413";"inj. oploss. i.m./i.v./endotrach./i.oss. [voorgev. spuit]";"sol. inj. i.m./i.v./endotrach./i.oss. [ser. préremplie]";true;false
"00414";"inj. oploss. i.v./s.mucos. [amp.]";"sol. inj. i.v./s.muq. [amp.]";true;false
"00415";"gingiv./oromuc. oploss.";"sol. gingiv./oromuq.";true;false
"00416";"inj. susp. verl. afgifte i.derm./i.artic. [flac.]";"susp. inj. lib. prol. i.derm./i.artic. [flac.]";true;false
"00417";"inj. oploss. i.v. [flac.]";"sol. inj. i.v. [flac.]";true;false
"00418";"inf. oploss. i.v. [zak]";"sol. perf. i.v. [sac]";true;false
"00419";"inf. oploss. i.v. [amp.]";"sol. perf. i.v. [amp.]";true;false
"00420";"inj./inf. oploss. s.c. [amp.]";"sol. inj./perf. s.c. [amp.]";true;false
"00421";"inj. oploss. (pdr. + solv.) i.m./i.v. [flac. + amp.]";"sol. inj. (pdr + solv.) i.m./i.v. [flac. + amp.]";true;false
"00422";"inj./inf. oploss. i.m./i.v. [flac.]";"sol. inj./perf. i.m./i.v. [flac.]";true;false
"00423";"inj. oploss. i.v./s.c. [amp.]";"sol. inj. i.v./s.c. [amp.]";true;false
"00424";"inj. oploss. i.m. Junior [voorgev. pen]";"sol. inj. i.m. Junior [stylo prérempli]";true;false
"00425";"inj. oploss. i.m./i.v. [voorgev. spuit]";"sol. inj. i.m./i.v. [ser. préremplie]";true;false
"00426";"verneveloploss. (unidose)";"sol. inhal. nébul. (unidose)";true;false
"00427";"rect. schuim";"mousse rect.";true;false
"00428";"cut. oploss. voor huidpriktest [flac.]";"sol. pour prick-test cut. [flac.]";true;false
"00429";"inj./inf. oploss. (pdr.) i.v. P [flac.]";"sol. inj./perf. (pdr) i.v. P [flac.]";true;false
"00430";"inj. oploss. (pdr.) i.v. [flac.]";"sol. inj. (pdr) i.v. [flac.]";true;false
"00431";"inf. emuls. (conc.) i.v. Volw. [amp.]";"émuls. perf. à diluer i.v. Adulte [amp.]";true;false
"00432";"orofar. zuigpastille";"pâte à sucer orophar.";true;false
"00433";"gran. (zakjes) Instant Vanille/Fraise";"gran. (sachet) Instant Vanille/Fraise";true;false
"00434";"siroop susp. (gran., zakjes)";"sirop susp. (gran., sachet)";true;false
"00435";"inj. oploss. s.c. [amp.]";"sol. inj. s.c. [amp.]";true;false
"00436";"inj. oploss. (pdr.) i.m. [flac.]";"sol. inj. (pdr) i.m. [flac.]";true;false
"00437";"inj./inf. oploss. (pdr.) i.m./i.v./s.c./i.arter./i.perit./i.pleur./i.tumor. [flac.]";"sol. inj./perf. (pdr) i.m./i.v./s.c./i.artér./i.périt./i.pleur./i.tumor. [flac.]";true;false
"00438";"druppels oploss. (doseerpomp)";"gtts sol. (pompe doseuse)";true;false
"00439";"inj. oploss. (pdr.) i.m./i.derm. [flac.]";"sol. inj. (pdr) i.m./i.derm. [flac.]";true;false
"00440";"cut. oploss. (pdr. + solv.)";"sol. (pdr + solv.) cut.";true;false
"00441";"inj. oploss. s.c. [patr.] voor SurePal Pen 10";"sol. inj. s.c. [cart.] pour SurePal Pen 10";true;false
"00442";"inj. oploss. s.c. [patr.] voor SurePal Pen 5";"sol. inj. s.c. [cart.] pour SurePal Pen 5";true;false
"00443";"filmomh. tabl. Conti";"compr. pellic. Conti";true;false
"00444";"siroop oploss. Eucalyptussmaak";"sirop sol. Goût eucalyptus";true;false
"00445";"filmomh. tabl. Low";"compr. pellic. Low";true;false
"00446";"inj./inf. oploss. i.v. Onco-Tain [flac.]";"sol. inj./perf. i.v. Onco-Tain [flac.]";true;false
"00447";"maagsapresist. gran.";"gran. gastro-résist.";true;false
"00448";"transderm. pleister Septem";"dispositif transderm. Septem";true;false
"00449";"inj. oploss. (pdr.) i.m./i.v. [flac.]";"sol. inj. (pdr) i.m./i.v. [flac.]";true;false
"00450";"inj. oploss. (pdr. + solv.) i.m. [flac. + amp.]";"sol. inj. (pdr + solv.) i.m. [flac. + amp.]";true;false
"00451";"inj./inf. oploss. i.m./i.v./i.artic./i.laes./i.burs./s.conj. [amp.]";"sol. inj./perf. i.m./i.v./i.artic./i.lés./i.burs./s.conj. [amp.]";true;false
"00452";"inj. susp. verl. afgifte i.m./i.derm./i.artic./i.laes./i.burs./p.artic. Chronodose [flac.]";"susp. inj. lib. prol. i.m./i.derm./i.artic./i.lés./i.burs./p.artic. Chronodose [flac.]";true;false
"00453";"inj./inf. oploss. (pdr.) i.m./i.v./i.perit. [flac.]";"sol. inj./perf. (pdr) i.m./i.v./i.périt. [flac.]";true;false
"00454";"inj. susp. verl. afgifte (pdr. + solv.) s.c. [voorgev. pen]";"susp. inj. lib. prol. (pdr + solv.) s.c. [stylo prérempli]";true;false
"00455";"inj./drinkb. oploss. i.m./i.v./or. [amp.]";"sol. inj./buv. i.m./i.v./or. [amp.]";true;false
"00456";"cut./vag. oploss. (tabl.) (deelb.)";"sol. (compr.) cut./vag. (séc.)";true;false
"00457";"verband Plus";"pansement Plus";true;false
"00458";"verband Zink";"pansement Zinc";true;false
"00459";"inj. oploss. (pdr. + solv.) i.m. [2x amp.]";"sol. inj. (pdr + solv.) i.m. [2x amp.]";true;false
"00460";"inf. oploss. (pdr. + solv.) i.v. [flac. + amp.]";"sol. perf. (pdr + solv.) i.v. [flac. + amp.]";true;false
"00461";"wiek Filler";"mèche Filler";true;false
"00462";"inj. oploss. i.thec. [amp.]";"sol. inj. i.théc. [amp.]";true;false
"00463";"inf. oploss. i.v. IV Flexibag [zak]";"sol. perf. i.v. IV Flexibag [sac]";true;false
"00464";"inj. oploss. epidur./epilaes./p.neur. [flac., locoregionale infiltr.]";"sol. inj. épilés./p.dural/p.neur. [flac., infiltr. locorégionale]";true;false
"00465";"inhalatiepdr. Diskus";"poudre inhal. Diskus";true;false
"00466";"inj./inf./verneveloploss. (pdr.) i.v./inhal. [flac.]";"sol. inj./perf./inhal. nébul. (pdr) i.v./inhal. [flac.]";true;false
"00467";"inf. oploss. (pdr. + solv.) i.v. [2x flac.]";"sol. perf. (pdr + solv.) i.v. [2x flac.]";true;false
"00468";"inj./inf. oploss. (pdr. + solv.) i.m./i.v. [flac. + amp.]";"sol. inj./perf. (pdr + solv.) i.m./i.v. [flac. + amp.]";true;false
"00469";"instill. susp. endotrach.";"susp. instill. endotrach.";true;false
"00470";"inj. oploss. s.c. [patr.] voor Genotonorm Pen 12";"sol. inj. (pdr + solv.) s.c. [cart.] pour Genotonorm Pen 12";true;false
"00471";"inj. oploss. (pdr. + solv.) s.c. GoQuick [voorgev. pen]";"sol. inj. (pdr + solv.) s.c. GoQuick [stylo prérempli]";true;false
"00472";"inj./inf. oploss. i.v./s.c. [flac.]";"sol. inj./perf. i.v./s.c. [flac.]";true;false
"00473";"inj./inf. oploss. i.v./s.c./i.thec. Cytosafe [flac.]";"sol. inj./perf. i.v./s.c./i.théc. Cytosafe [flac.]";true;false
"00474";"inj./inf. oploss. i.m./i.v./s.c./i.thec. Onco-Tain [flac.]";"sol. inj./perf. i.m./i.v./s.c./i.théc. Onco-Tain [flac.]";true;false
"00475";"inj./inf. oploss. (conc.) i.v. Cytosafe [flac.]";"sol. inj./perf. à diluer i.v. Cytosafe [flac.]";true;false
"00476";"verband HP";"pansement HP";true;false
"00477";"inj. oploss. s.c. SimpleXx [patr.] voor NordiPen 5";"sol. inj. s.c. SimpleXx [cart.] pour NordiPen 5";true;false
"00478";"inj. oploss. s.c. [patr.] voor Humatrope Pen";"sol. inj. (pdr + solv.) s.c. [cart.] pour Humatrope Pen";true;false
"00479";"inj. oploss. (pdr.) i.v. [amp.]";"sol. inj. (pdr) i.v. [amp.]";true;false
"00480";"verband Film";"pansement Film";true;false
"00481";"inj. susp. (pdr. + solv.) s.c. [flac. + amp.]";"susp. inj. (pdr + solv.) s.c. [flac. + amp.]";true;false
"00482";"inj. susp. verl. afgifte i.m. [flac.]";"susp. inj. lib. prol. i.m. [flac.]";true;false
"00483";"verband Sacrum";"pansement Sacrum";true;false
"00484";"inj. susp. i.thec. [flac.]";"susp. inj. i.théc. [flac.]";true;false
"00485";"inj./inf. oploss. (pdr.) i.m./i.v./s.c. [flac.]";"sol. inj./perf. (pdr) i.m./i.v./s.c. [flac.]";true;false
"00486";"inj. oploss. (pdr.) i.m./s.c./i.derm. [flac.]";"sol. inj. (pdr) i.m./s.c./i.derm. [flac.]";true;false
"00487";"inj./inf. oploss. i.m./i.v./i.thec./i.arter./i.ventr. [flac.]";"sol. inj./perf. i.m./i.v./i.théc./i.artér./i.ventr. [flac.]";true;false
"00488";"inj./inf. oploss. (conc.) i.m./i.v./i.thec./i.arter./i.ventr. [flac.]";"sol. inj./perf. à diluer i.m./i.v./i.théc./i.artér./i.ventr. [flac.]";true;false
"00489";"cut. oploss. Once";"sol. cut. Once";true;false
"00490";"inj. emuls. i.v. [amp.]";"émuls. inj. i.v. [amp.]";true;false
"00491";"vernevelsusp. (unidose) Nebules";"susp. inhal. nébul. (unidose) Nebules";true;false
"00492";"weefsellijm (oploss.) [flac.]";"colle (sol.) [flac.]";true;false
"00493";"verband Fijn";"pansement Fin";true;false
"00494";"inf. oploss. (pdr. + solv.) i.v. [2x flac., thermostabiele formule]";"sol. perf. (pdr + solv.) i.v. [2x flac., formule thermostable]";true;false
"00495";"verband [Ovaal]";"pansement [Ovale]";true;false
"00496";"inj. oploss. s.c. Kwikpen [voorgev. pen]";"sol. inj. s.c. Kwikpen [stylo prérempli]";true;false
"00497";"cut. oploss. (pdr.)";"sol. (pdr) cut.";true;false
"00498";"inj./inf. oploss. (conc.) i.v. [flac.]";"sol. inj./perf. à diluer i.v. [flac.]";true;false
"00499";"verband Comfort";"pansement Comfort";true;false
"00500";"verband Concave";"pansement Concave";true;false
"00501";"inj. oploss. i.m./s.c. [flac.]";"sol. inj. i.m./s.c. [flac.]";true;false
"00502";"inj. oploss. (pdr. + solv.) s.c. [2x flac.]";"sol. inj. (pdr + solv.) s.c. [2x flac.]";true;false
"00503";"inj. oploss. s.c. Sureclick [voorgev. pen]";"sol. inj. s.c. Sureclick [stylo prérempli]";true;false
"00504";"inj. oploss. (pdr. + solv.) i.v. [2x amp.]";"sol. inj. (pdr + solv.) i.v. [2x amp.]";true;false
"00505";"inj./inf. oploss. s.c. [flac.]";"sol. inj./perf. s.c. [flac.]";true;false
"00506";"inj. oploss. s.c. Kinderen [flac.]";"sol. inj. s.c. Pédiatrique [flac.]";true;false
"00507";"inj./inf. oploss. (conc.) i.m./i.v./s.c. [amp.]";"sol. inj./perf. à diluer i.m./i.v./s.c. [amp.]";true;false
"00508";"s.c. implantaat NXT [implantaatinjector]";"implant s.c. NXT [pistolet pour implant]";true;false
"00509";"oploss. voor inhalatiedamp [druppelfl.]";"sol. inhal. vapeur [flac. compte-gouttes]";true;false
"00510";"inj. oploss. s.c. [patr.] voor Genotonorm Pen 5,3";"sol. inj. (pdr + solv.) s.c. [cart.] pour Genotonorm Pen 5,3";true;false
"00511";"inj. susp. s.c. Cartridge [patr.]";"susp. inj. s.c. Cartridge [cart.]";true;false
"00512";"inj. oploss. i.v./s.c. Cartridge [patr.]";"sol. inj. i.v./s.c. Cartridge [cart.]";true;false
"00513";"transderm. lok. crème";"crème transderm. local";true;false
"00514";"dosisaerosol oploss. HFA [inhalator]";"sol. inhal. (flacon press.) HFA [inhalateur]";true;false
"00515";"dosisaerosol oploss. HFA";"sol. inhal. (flacon press.) HFA";true;false
"00516";"zalf voor inhalatiedamp [pot]";"pommade inhal. vapeur [pot]";true;false
"00517";"inj. oploss. s.c. [patr.] voor Glaxopen";"sol. inj. s.c. [cart.] pour Glaxopen";true;false
"00518";"inj. susp. i.m. [flac.]";"susp. inj. i.m. [flac.]";true;false
"00519";"inj. susp. s.c. Penfill [patr.]";"susp. inj. s.c. Penfill [cart.]";true;false
"00520";"inj. susp. s.c. [patr.]";"susp. inj. s.c. [cart.]";true;false
"00521";"ocul. insert";"insert opht.";true;false
"00522";"inj./drinkb. oploss. i.v./or. [amp.]";"sol. inj./buv. i.v./or. [amp.]";true;false
"00523";"gastro-ent./or. susp. (gran.)";"susp. (gran.) gastro-ent./or.";true;false
"00524";"i.laes. implantaat";"implant i.lés.";true;false
"00525";"i.laes. implantatieketen";"implant en chaîne i.lés.";true;false
"00526";"inj. susp. i.m. Junior [voorgev. spuit]";"susp. inj. i.m. Junior [ser. préremplie]";true;false
"00527";"inj. oploss. (pdr. + solv.) i.m./i.v./s.c. Hypokit [flac. + voorgev. spuit]";"sol. inj. (pdr + solv.) i.m./i.v./s.c. Hypokit [flac. + ser. préremplie]";true;false
"00528";"or. vloeist.";"liquide or.";true;false
"00529";"zetpil Kind en Zuigel.";"supp. Enfant et Bébé";true;false
"00530";"zalf Balsem";"pommade Baume";true;false
"00531";"inj./instill. oploss. i.v./i.arter./i.card./i.cavern./i.duct./i.uter./urethr. [flac.]";"sol. inj./instill. i.v./i.artér./i.canal./i.card./i.cavern./i.utér./urétr. [flac.]";true;false
"00532";"siroop susp. (zonder suiker) Kinderen";"sirop susp. (sans sucre) Enfants";true;false
"00533";"zetpil Kinderen";"supp. Enfants";true;false
"00534";"crème (zakjes)";"crème (sachet)";true;false
"00535";"zetpil GE";"supp. GE";true;false
"00536";"inj./inf. oploss. i.m./i.v./s.c. [flac.]";"sol. inj./perf. i.m./i.v./s.c. [flac.]";true;false
"00537";"inj. oploss. s.c. Cartridge [patr.]";"sol. inj. s.c. Cartridge [cart.]";true;false
"00538";"inj. susp. s.c. Kwikpen [voorgev. pen]";"susp. inj. s.c. Kwikpen [stylo prérempli]";true;false
"00539";"inj. oploss. i.v./i.arter. [voorgev. spuit, autom. inject.]";"sol. inj. i.v./i.artér. [ser. préremplie, inject. autom.]";true;false
"00540";"cut. oploss. Dermaal";"sol. cut. Dermique";true;false
"00541";"vag. oploss. Gynecologie";"sol. vag. Gynécologie";true;false
"00542";"vag. oploss. Unigyn";"sol. vag. Unigyn";true;false
"00543";"gorgeldrank/mondspoeling Buccaal";"gargarisme/bain de bouche Buccal";true;false
"00545";"ocul. spoeloploss. [zonder bew.]";"sol. irrig. opht. [sans cons.]";true;false
"00546";"zeep (unidose) Uniwash";"savon (unidose) Uniwash";true;false
"00547";"zeep Germicide";"savon Germicide";true;false
"00548";"cut. spray oploss. (alc.)";"sol. spray cut. (alc.)";true;false
"00549";"oploss. (pdr., zakjes) Natuur";"sol. (pdr, sachet) Nature";true;false
"00550";"oploss. (pdr., zakjes) Sinaasappel";"sol. (pdr, sachet) Orange";true;false
"00551";"cut. pasta";"pâte cut.";true;false
"00552";"siroop oploss. (zakjes) Fruit";"sirop sol. (sachet) Fruit";true;false
"00553";"siroop oploss. (zakjes)";"sirop sol. (sachet)";true;false
"00554";"or. poeder (zakjes) Dry";"poudre (sachet) or. Dry";true;false
"00555";"inj. oploss. (conc.) i.vitr. [flac.]";"sol. inj. à diluer i.vitr. [flac.]";true;false
"00556";"inj. oploss. s.c. Autogel [voorgev. spuit]";"sol. inj. s.c. Autogel [ser. préremplie]";true;false
"00557";"inj. susp. verl. afgifte (pdr. + solv.) i.m. P.R. [flac. + amp.]";"susp. inj. lib. prol. (pdr + solv.) i.m. P.R. [flac. + amp.]";true;false
"00558";"vag. zachte caps.";"caps. molle vag.";true;false
"00559";"inj./inf. oploss. (pdr. + solv.) i.v./s.c. [flac. + voorgev. spuit]";"sol. inj./perf. (pdr + solv.) i.v./s.c. [flac. + ser. préremplie]";true;false
"00560";"gastro-ent. gel";"gel gastro-ent.";true;false
"00561";"lyofilisaat Zydis";"lyophilisat Zydis";true;false
"00562";"cut. oploss. (unidose) (alc.) Hydroalcoholische";"sol. (unidose) cut. (alc.) Hydroalcoolique";true;false
"00563";"laryngofar./oromuc. spray oploss.";"sol. spray laryngophar./oromuq.";true;false
"00564";"inj. susp. verl. afgifte i.artic./i.laes./i.burs./p.artic. [flac.]";"susp. inj. lib. prol. i.artic./i.lés./i.burs./p.artic. [flac.]";true;false
"00565";"cut./rect. crème";"crème cut./rect.";true;false
"00566";"cut. oploss. (unidose) Dermicum";"sol. (unidose) cut. Dermique";true;false
"00567";"crème Lipocreme";"crème Lipocreme";true;false
"00568";"inj./inf. oploss. (conc.) i.m./i.v./i.thec./i.arter./i.ventr. Concentrate [flac.]";"sol. inj./perf. à diluer i.m./i.v./i.théc./i.artér./i.ventr. Concentrate [flac.]";true;false
"00569";"inj. oploss. s.c. [patr.]";"sol. inj. s.c. [cart.]";true;false
"00570";"inj. oploss. s.c. Penfill [patr.]";"sol. inj. s.c. Penfill [cart.]";true;false
"00571";"inj. oploss. i.m./i.v./epidur./p.neur. [flac., locoregionale infiltr.]";"sol. inj. i.m./i.v./p.dural/p.neur. [flac., infiltr. locorégionale]";true;false
"00572";"inj. oploss. i.m./i.v./epidur./p.neur. [amp., locoregionale infiltr.]";"sol. inj. i.m./i.v./p.dural/p.neur. [amp., infiltr. locorégionale]";true;false
"00573";"susp. (zakjes)";"susp. (sachet)";true;false
"00574";"inf. oploss. conc. (pdr. + solv.) i.v./i.arter. [2x flac.]";"sol. perf. à diluer (pdr + solv.) i.v./i.artér. [2x flac.]";true;false
"00575";"rect. susp.";"susp. rect.";true;false
"00576";"inj. oploss. i.v./s.c./i.derm./epidur. [amp.]";"sol. inj. i.v./s.c./i.derm./p.dural [amp.]";true;false
"00577";"inj. oploss. i.v./s.c./epidur. [amp.]";"sol. inj. i.v./s.c./p.dural [amp.]";true;false
"00578";"inj. oploss. oromuc./s.mucos. [patr.]";"sol. inj. oromuq./s.muq. [cart.]";true;false
"00579";"inj./instill. susp. verl. afgifte i.m./i.artic./i.laes./i.burs./p.artic./rect. [voorgev. spuit]";"susp. inj./instill. lib. prol. i.m./i.artic./i.lés./i.burs./p.artic./rect. [ser. préremplie]";true;false
"00580";"gel Dermgel";"gel Dermgel";true;false
"00581";"oromuc. gel";"gel oromuq.";true;false
"00582";"cut. oploss. Tinctuur";"sol. cut. Teinture";true;false
"00583";"inj./inf./instill. oploss. i.m./i.v./rect. [amp.]";"sol. inj./perf./instill. i.m./i.v./rect. [amp.]";true;false
"00584";"inj./instill. oploss. (pdr.) i.vesic. [flac.]";"sol. inj./instill. (pdr) i.vésic. [flac.]";true;false
"00585";"inj./instill. oploss. (pdr.) i.v./i.vesic./i.arter. [flac.]";"sol. inj./instill. (pdr) i.v./i.vésic./i.artér. [flac.]";true;false
"00586";"inj. oploss. i.lymf. [amp.]";"sol. inj. i.lymph. [amp.]";true;false
"00587";"verneveloploss. [amp.]";"sol. inhal. nébul. [amp.]";true;false
"00588";"inj./inf./instill./verneveloploss. i.m./i.v./auric./endotrach./inhal./nas. [amp.]";"sol. inj./perf./instill./inhal. nébul. i.m./i.v./auric./endotrach./inhal./nas. [amp.]";true;false
"00589";"nas. zalf";"pommade nas.";true;false
"00590";"ocul. druppels oploss. Forte";"collyre sol. Forte";true;false
"00591";"tandpasta Munt";"pâte dentifrice Menthe";true;false
"00592";"zalf Soluble Dressing";"pommade Soluble Dressing";true;false
"00593";"inf. oploss. (conc.) i.m./i.v. [amp.]";"sol. perf. à diluer i.m./i.v. [amp.]";true;false
"00594";"gel (doseerpomp) [Applicator]";"gel (pompe doseuse) [Applicateur]";true;false
"00595";"rect. zalf";"pommade rect.";true;false
"00596";"inf. oploss. conc. (pdr. + solv.) i.v. [2x flac.]";"sol. perf. à diluer (pdr + solv.) i.v. [2x flac.]";true;false
"00597";"i.vesic. oploss. (pdr. + solv.) [2x flac.]";"sol. (pdr + solv.) i.vésic. [2x flac.]";true;false
"00598";"ocul. druppels oploss. (unidose) EDO [zonder bew.]";"collyre sol. (unidose) EDO [sans cons.]";true;false
"00599";"inj. oploss. epidur./p.neur. [flac., locoregionale infiltr.]";"sol. inj. p.dural/p.neur. [flac., infiltr. locorégionale]";true;false
"00600";"inj. oploss. i.thec. Hyperbare [amp., locoregionale infiltr.]";"sol. inj. i.théc. Hyperbare [amp., infiltr. locorégionale]";true;false
"00601";"inj. oploss. (pdr. + solv.) i.m. [2x flac.]";"sol. inj. (pdr + solv.) i.m. [2x flac.]";true;false
"00602";"inj. oploss. (pdr. + solv.) i.m./s.c. [flac. + amp.]";"sol. inj. (pdr + solv.) i.m./s.c. [flac. + amp.]";true;false
"00603";"inj./inf. oploss. i.m./i.v./i.thec./i.arter. [flac.]";"sol. inj./perf. i.m./i.v./i.théc./i.artér. [flac.]";true;false
"00604";"inj./inf. oploss. i.m./i.v./s.c./i.thec./epidur. [amp.]";"sol. inj./perf. i.m./i.v./s.c./i.théc./p.dural [amp.]";true;false
"00605";"inj. oploss. i.ocul. [amp.]";"sol. inj. i.ocul. [amp.]";true;false
"00606";"maagsapresist. gran. verl. afgifte (zakjes)";"gran. gastro-résist. lib. prol. (sachet)";true;false
"00607";"inj. oploss. s.c. SimpleXx [patr.] voor NordiPen 10";"sol. inj. s.c. SimpleXx [cart.] pour NordiPen 10";true;false
"00608";"inj./inf. oploss. (conc.) i.v./s.c. [flac.]";"sol. inj./perf. à diluer i.v./s.c. [flac.]";true;false
"00609";"inj. oploss. s.c. [patr.] voor NutropinAq Pen";"sol. inj. s.c. [cart.] pour NutropinAq Pen";true;false
"00610";"inf. oploss. s.c. PumpCart [patr.]";"sol. perf. s.c. PumpCart [cart.]";true;false
"00611";"inj. oploss. s.c. [patr.] voor Ovaleap Pen";"sol. inj. s.c. [cart.] pour Ovaleap Pen";true;false
"00612";"oromuc. zuigtabl. Mint";"compr. à sucer oromuq. Mint";true;false
"00613";"medic. kauwgom Cool Mint";"gomme à mâcher médic. Cool Mint";true;false
"00614";"subling. spray oploss.";"sol. spray subling.";true;false
"00615";"cut. spray pdr.";"poudre spray cut.";true;false
"00616";"maagsapresist. tabl. Enteric";"compr. gastro-résist. Enteric";true;false
"00617";"tabl. (deelb.) Besilate";"compr. (séc.) Besilate";true;false
"00618";"vag. tabl.";"compr. vag.";true;false
"00619";"inj./inf. oploss. (pdr.) i.m./i.v./i.artic./i.burs. [flac.]";"sol. inj./perf. (pdr) i.m./i.v./i.artic./i.burs. [flac.]";true;false
"00620";"inj. oploss. (pdr. + solv.) i.m./s.c. [2x flac.]";"sol. inj. (pdr + solv.) i.m./s.c. [2x flac.]";true;false
"00621";"inj./huidpriktest oploss. (pdr. + solv.) s.c./i.derm. [flac.]";"sol. inj./prick-test (pdr + solv.) s.c./i.derm. [flac.]";true;false
"00622";"inhalatiedamp Inhaler [patr.]";"vapeur inhal. Inhaler [cart.]";true;false
"00623";"1% - 1/200 000 inj. oploss. i.artic./epidur./p.neur. [flac., locoregionale infiltr.]";"1% - 1/200 000 sol. inj. i.artic./p.dural/p.neur. [flac., infiltr. locorégionale]";true;false
"00624";"inj./inf. oploss. (pdr.) i.v./s.c. [flac.]";"sol. inj./perf. (pdr) i.v./s.c. [flac.]";true;false
"00625";"2% - 1/200 000 inj. oploss. i.artic./epidur./p.neur. [flac., locoregionale infiltr.]";"2% - 1/200 000 sol. inj. i.artic./p.dural/p.neur. [flac., infiltr. locorégionale]";true;false
"00626";"inj. oploss. s.c. [patr.] voor Puregon Pen";"sol. inj. s.c. [cart.] pour Puregon Pen";true;false
"00627";"inj. oploss. s.c. [patr.] voor Rekovelle pen";"sol. inj. s.c. [cart.] pour Rekovelle pen";true;false
"00628";"ocul. druppels oploss. (unidose) Unit Dose [zonder bew.]";"collyre sol. (unidose) Unit Dose [sans cons.]";true;false
"00629";"inj. oploss. (pdr. + solv.) i.v. [flac. + amp.]";"sol. inj. (pdr + solv.) i.v. [flac. + amp.]";true;false
"00630";"bruistabl. (deelb.)";"compr. efferv. (séc.)";true;false
"00631";"inj./inf. oploss. i.m./i.v./i.artic./i.burs./s.conj. [amp.]";"sol. inj./perf. i.m./i.v./i.artic./i.burs./s.conj. [amp.]";true;false
"00632";"inf./drinkb. oploss. i.v./or. [amp.]";"sol. perf./buv. i.v./or. [amp.]";true;false
"00633";"tabl. (deelb.) Forte";"compr. (séc.) Forte";true;false
"00634";"cut./nas./ocul. spoeloploss. (unidose)";"sol. irrig. cut./nas./opht. (unidose)";true;false
"00635";"inj./inf. oploss. (pdr. + solv.) i.m./i.v. SAB [flac. + amp.]";"sol. inj./perf. (pdr + solv.) i.m./i.v. SAB [flac. + amp.]";true;false
"00636";"inj./inf. oploss. (pdr. + solv.) i.m./i.v. [2x flac.]";"sol. inj./perf. (pdr + solv.) i.m./i.v. [2x flac.]";true;false
"00637";"orodisp. tabl. Odis";"compr. orodisp. Odis";true;false
"00638";"tabl. verl. afgifte Uno";"compr. lib. prol. Uno";true;false
"00639";"ocul. druppels verl. afgifte Ocumeter Plus";"collyre lib. prol. Ocumeter Plus";true;false
"00640";"inf. oploss. (pdr. + solv.) i.v. [2x amp.]";"sol. perf. (pdr + solv.) i.v. [2x amp.]";true;false
"00641";"inj./inf. oploss. i.v./epidur. [amp.]";"sol. inj./perf. i.v./p.dural [amp.]";true;false
"00642";"inj./inf./drinkb. oploss. (pdr. + solv.) i.m./i.v./or. [flac. + amp.]";"sol. inj./perf./buv. (pdr + solv.) i.m./i.v./or. [flac. + amp.]";true;false
"00643";"inj. oploss. i.uter. Hystero [flac.]";"sol. inj. i.utér. Hystero [flac.]";true;false
"00644";"inj./inf. oploss. i.v./i.duct. Meglumine [flac.]";"sol. inj./perf. i.v./i.canal. Meglumine [flac.]";true;false
"00645";"inj./inf. oploss. i.v./epidur. Forte [amp.]";"sol. inj./perf. i.v./p.dural Forte [amp.]";true;false
"00646";"inj. susp. verl. afgifte i.m. Depot [flac.]";"susp. inj. lib. prol. i.m. Depot [flac.]";true;false
"00647";"tabl. geregul. afgifte";"compr. lib. modif.";true;false
"00648";"inj. oploss. i.derm. [flac.]";"sol. inj. i.derm. [flac.]";true;false
"00649";"inj. susp. i.vitr. [flac.]";"susp. inj. i.vitr. [flac.]";true;false
"00650";"tabl. geregul. afgifte Retard";"compr. lib. modif. Retard";true;false
"00651";"inj./inf./instill. oploss. i.v./i.uter. [flac.]";"sol. inj./perf./instill. i.v./i.utér. [flac.]";true;false
"00652";"inj./instill. oploss. (pdr. + solv.) i.m./i.v./i.vesic./endotrach./i.perit./i.pleur. [flac. + amp.]";"sol. inj./instill. (pdr + solv.) i.m./i.v./i.vésic./endotrach./i.périt./i.pleur. [flac. + amp.]";true;false
"00653";"tabl. Forte";"compr. Forte";true;false
"00654";"i.v./or. inf./drinkb. oploss. conc. (pdr.) [flac.]";"sol. perf./buv. à diluer (pdr) i.v./or. [flac.]";true;false
"00655";"transderm. pleister Matrix";"dispositif transderm. Matrix";true;false
"00656";"tabl. verl. afgifte (deelb.)";"compr. lib. prol. (séc.)";true;false
"00657";"transderm. gel (zakjes)";"gel (sachet) transderm.";true;false
"00658";"omh. tabl. (deelb.) Divule";"compr. enr. (séc.) Divule";true;false
"00659";"gel Forte";"gel Forte";true;false
"00660";"inf. oploss. (conc.) i.v. [voorgev. spuit]";"sol. perf. à diluer i.v. [ser. préremplie]";true;false
"00661";"inj. oploss. (pdr.) i.v./s.c. [flac.]";"sol. inj. (pdr) i.v./s.c. [flac.]";true;false
"00662";"gel Hydro";"gel Hydro";true;false
"00663";"inj. susp. (pdr.) s.c. [flac.]";"susp. inj. (pdr) s.c. [flac.]";true;false
"00664";"inj./drinkb. oploss. i.m./i.v./s.c./or. [amp.]";"sol. inj./buv. i.m./i.v./s.c./or. [amp.]";true;false
"00665";"inj./instill. oploss. i.v./i.artic./i.arter./i.card./i.uter. [flac.]";"sol. inj./instill. i.v./i.artic./i.artér./i.card./i.utér. [flac.]";true;false
"00666";"siroop oploss. Forte";"sirop sol. Forte";true;false
"00667";"oploss. (conc.) Vloeibaar Sinaasappelsmaak";"sol. à diluer Liquide Goût orange";true;false
"00668";"filmomh. tabl. (deelb.) Mitis";"compr. pellic. (séc.) Mitis";true;false
"00669";"siroop susp. (zakjes) Advance Munt";"sirop susp. (sachet) Advance Menthe";true;false
"00670";"inj. oploss. i.v./i.arter./i.card. [zak]";"sol. inj. i.v./i.artér./i.card. [sac]";true;false
"00671";"inj. oploss. s.c. Daily [voorgev. spuit]";"sol. inj. s.c. Daily [ser. préremplie]";true;false
"00672";"inj. oploss. i.v./i.artic./epidur./p.neur. [flac., locoregionale infiltr.]";"sol. inj. i.v./i.artic./p.dural/p.neur. [flac., infiltr. locorégionale]";true;false
"00673";"gingiv./oromuc. gel Volwassenen";"gel gingiv./oromuq. Adulte";true;false
"00674";"gingiv./oromuc. gel Kinderen";"gel gingiv./oromuq. Enfants";true;false
"00675";"urethr. gel";"gel urétr.";true;false
"00676";"zeep (unidose)";"savon (unidose)";true;false
"00677";"subling. tabl. (patr.)";"compr. subling. (cart.)";true;false
"00678";"inj. oploss. (pdr. + solv.) s.c. [flac. + amp.]";"sol. inj. (pdr + solv.) s.c. [flac. + amp.]";true;false
"00679";"bucc. oploss. [voorgev. spuit]";"sol. bucc. [ser. préremplie]";true;false
"00680";"oplosb. tabl.";"compr. sol.";true;false
"00681";"disp. tabl. (deelb.) Dispersal";"compr. disp. (séc.) Dispersal";true;false
"00682";"siroop susp. Munt";"sirop susp. Menthe";true;false
"00683";"gastr./or. oploss.";"sol. gastr./or.";true;false
"00684";"siroop susp. Antizuur-Antireflux";"sirop susp. Antiacide-Antireflux";true;false
"00685";"inj. oploss. i.v./s.c./i.arter. [flac.]";"sol. inj. i.v./s.c./i.artér. [flac.]";true;false
"00686";"inf./instill. oploss. i.v./i.cistern. [flac.]";"sol. perf./instill. i.v./i.cistern. [flac.]";true;false
"00687";"zuigtabl.";"compr. à sucer";true;false
"00688";"susp. (gran., zakjes) Baby";"susp. (gran., sachet) Baby";true;false
"00689";"inj./inf./drinkb. oploss. i.m./i.v./or. [amp.]";"sol. inj./perf./buv. i.m./i.v./or. [amp.]";true;false
"00690";"oplosb. tabl. (deelb.) Solutab";"compr. sol. (séc.) Solutab";true;false
"00691";"transderm. lok. medic. pleister";"emplâtre médic. transderm. local";true;false
"00692";"gran. (zakjes) Junior Instant";"gran. (sachet) Junior Instant";true;false
"00693";"siroop oploss. Menthol";"sirop sol. Menthol";true;false
"00694";"siroop susp. (zakjes)";"sirop susp. (sachet)";true;false
"00695";"inhalatiepdr. (harde caps.) Turbospin";"poudre inhal. (gél.) Turbospin";true;false
"00696";"crème Lipid";"crème Lipid";true;false
"00697";"s.c. implantaat L.A. [implantaatinjector]";"implant s.c. L.A. [pistolet pour implant]";true;false
"00698";"filmomh. tabl. + bruisgran. (zakjes)";"compr. pellic. + gran. efferv. (sachet)";true;false
"00699";"filmomh. tabl. + bruistabl.";"compr. pellic. + compr. efferv.";true;false
"00700";"wiek";"mèche";true;false
"00701";"verband Adhesive";"pansement Adhesive";true;false
"00702";"verband Gentle";"pansement Gentle";true;false
"00703";"verband Gentle Border";"pansement Gentle Border";true;false
"00704";"bucc. spray oploss.";"sol. spray bucc.";true;false
"00705";"tabl. + kauwtabl.";"compr. + compr. à croquer";true;false
"00706";"verband Life Sacrum";"pansement Life Sacrum";true;false
"00707";"verband Life";"pansement Life";true;false
"00708";"verband Life Heel";"pansement Life Heel";true;false
"00709";"verband Gentle Border Lite";"pansement Gentle Border Lite";true;false
"00710";"verband Heel";"pansement Heel";true;false
"00711";"verband Non-adhesive";"pansement Non-adhesive";true;false
"00712";"verband Gentle Border Heel";"pansement Gentle Border Heel";true;false
"00713";"tabl. verl. afgifte (deelb.) Retard Divitabs";"compr. lib. prol. (séc.) Retard Divitabs";true;false
"00714";"tabl. Besilate";"compr. Besilate";true;false
"00715";"verband Cavity";"pansement Cavity";true;false
"00716";"tabl. (deelb.) Mitis";"compr. (séc.) Mitis";true;false
"00717";"inf. oploss. (conc.) i.v. (alc.) [amp.]";"sol. perf. à diluer i.v. (alc.) [amp.]";true;false
"00718";"omh. tabl. Forte";"compr. enr. Forte";true;false
"00719";"verband Soft Hold";"pansement Soft Hold";true;false
"00720";"verband Klevend";"pansement Adhésif";true;false
"00721";"verband Hiel";"pansement Talon";true;false
"00722";"verband Lite";"pansement Lite";true;false
"00723";"inj. oploss. oromuc./s.mucos. Zonder Vaatvernauwer [patr.]";"sol. inj. oromuq./s.muq. Sans Vasoconstricteur [cart.]";true;false
"00724";"bruistabl. (deelb.) Dryfiz";"compr. efferv. (séc.) Dryfiz";true;false
"00725";"kauwtabl. (deelb.) Orange";"compr. à croquer (séc.) Orange";true;false
"00726";"or./subling. tabl. (deelb.)";"compr. or./subling. (séc.)";true;false
"00727";"tabl. verl. afgifte Once Daily";"compr. lib. prol. Once Daily";true;false
"00728";"tabl. verl. afgifte Repetabs";"compr. lib. prol. Repetabs";true;false
"00729";"disp. tabl. Solutab";"compr. disp. Solutab";true;false
"00730";"verband Transparent";"pansement Transparent";true;false
"00731";"verband Transparent Postoperatief";"pansement Transparent Post-opératoire";true;false
"00732";"disp. tabl.";"compr. disp.";true;false
"00733";"verband Island";"pansement Island";true;false
"00734";"transderm. lok. gel Emulgel Forte";"gel transderm. local Emulgel Forte";true;false
"00735";"wiek Zink";"mèche Zinc";true;false
"00736";"verband [geïmpregneerd]";"pansement [imprégné]";true;false
"00737";"kauwtabl. (deelb.)";"compr. à croquer (séc.)";true;false
"00738";"omh. tabl. + tabl.";"compr. enr. + compr.";true;false
"00739";"bruisgran. (zakjes) Forte Orange";"gran. efferv. (sachet) Forte Orange";true;false
"00740";"tabl. verl. afgifte (deelb.) Chrono 300";"compr. lib. prol. (séc.) Chrono 300";true;false
"00741";"bruisgran. (zakjes) Orange";"gran. efferv. (sachet) Orange";true;false
"00742";"bruisgran. (zakjes) Forte Citron";"gran. efferv. (sachet) Forte Citron";true;false
"00743";"bruistabl. (deelb.) Forte";"compr. efferv. (séc.) Forte";true;false
"00744";"gran. (zakjes) Instant Junior";"gran. (sachet) Instant Junior";true;false
"00745";"inj. oploss. i.vitr. [flac.]";"sol. inj. i.vitr. [flac.]";true;false
"00746";"susp. (zakjes) Antizuur-Antireflux Unidose";"susp. (sachet) Antiacide-Antireflux Unidose";true;false
"00747";"verband Border [Driehoekig]";"pansement Border [Triangle]";true;false
"00748";"disp. tabl. (deelb. in 4)";"compr. disp. (séc. en 4)";true;false
"00749";"tabl. + zachte caps.";"compr. + caps. molle";true;false
"00750";"verband Signal Sacraal";"pansement Signal Sacrum";true;false
"00751";"verband Signal Hiel";"pansement Signal Talon";true;false
"00752";"cut. medic. pleister Patch";"emplâtre médic. cut. Patch";true;false
"00753";"filmomh. tabl. (deelb.) Minor";"compr. pellic. (séc.) Minor";true;false
"00754";"inj. oploss. i.v./s.c. Solostar [voorgev. pen]";"sol. inj. i.v./s.c. Solostar [stylo prérempli]";true;false
"00755";"orodisp. tabl. Lyotabs";"compr. orodisp. Lyotabs";true;false
"00756";"tabl. Wekelijks";"compr. Hebdomadaire";true;false
"00757";"geïmpr. verbandgaas Intertulle";"compresse impr. Intertulle";true;false
"00758";"tabl. geregul. afgifte (deelb.)";"compr. lib. modif. (séc.)";true;false
"00759";"cut. medic. pleister";"emplâtre médic. cut.";true;false
"00760";"kauwtabl. Antizuur-Antireflux";"compr. à croquer Antiacide-Antireflux";true;false
"00761";"kauwtabl. Munt";"compr. à croquer Menthe";true;false
"00762";"zuigtabl. (deelb.)";"compr. à sucer (séc.)";true;false
"00763";"filmomh. tabl. Lysine";"compr. pellic. Lysine";true;false
"00764";"verband Thin";"pansement Thin";true;false
"00765";"disp. tabl. Instant";"compr. disp. Instant";true;false
"00766";"verband Conformable";"pansement Conformable";true;false
"00767";"geïmpr. verbandgaas Tule";"compresse impr. Tulle";true;false
"00768";"wiek Cavity";"mèche Cavity";true;false
"00769";"kauw-/disp. tabl.";"compr. à croquer/disp.";true;false
"00770";"kauw-/disp. tabl. Disp.";"compr. à croquer/disp. Disp.";true;false
"00771";"kauw-/disp. tabl. Starter-Pack";"compr. à croquer/disp. Starter-Pack";true;false
"00772";"verband Tulle";"pansement Tulle";true;false
"00773";"harde caps. verl. afgifte P";"gél. lib. prol. P";true;false
"00774";"tabl. verl. afgifte Exel";"compr. lib. prol. Exel";true;false
"00775";"disp. maagsapresist. tabl. Mups";"compr. gastro-résist. disp. Mups";true;false
"00776";"disp. maagsapresist. tabl. (deelb.) Mups";"compr. gastro-résist. disp. (séc.) Mups";true;false
"00777";"tabl. verl. afgifte (deelb.) Slow";"compr. lib. prol. (séc.) Slow";true;false
"00778";"orofar. zuigtabl. Lemon";"compr. à sucer orophar. Lemon";true;false
"00779";"filmomh. tabl. Junior";"compr. pellic. Junior";true;false
"00780";"orofar. zuigtabl. Honing";"compr. à sucer orophar. Miel";true;false
"00781";"orofar. zuigtabl. Aardbei";"compr. à sucer orophar. Fraise";true;false
"00782";"oploss. (gran., zakjes) Junior";"sol. (gran., sachet) Junior";true;false
"00783";"kauwtabl. Forte";"compr. à croquer Forte";true;false
"00784";"kauwtabl. (zonder suiker) Suikervrij";"compr. à croquer (sans sucre) Sans Sucre";true;false
"00785";"harde caps. geregul. afgifte Retard";"gél. lib. modif. Retard";true;false
"00786";"tabl. (deelb.) A";"compr. (séc.) A";true;false
"00787";"orofar. zuigtabl. Menthol";"compr. à sucer orophar. Menthol";true;false
"00788";"tabl. (deelb. in 4) PAK";"compr. (séc. en 4) PAK";true;false
"00789";"verband Border Lite";"pansement Border Lite";true;false
"00790";"verband Border Sacrum";"pansement Border Sacrum";true;false
"00791";"tabl. verl. afgifte (deelb.) 200";"compr. lib. prol. (séc.) 200";true;false
"00792";"harde caps. geregul. afgifte Uno";"gél. lib. modif. Uno";true;false
"00793";"tabl. verl. afgifte (deelb.) 100";"compr. lib. prol. (séc.) 100";true;false
"00794";"maagsapresist. tabl. verl. afgifte";"compr. gastro-résist. lib. prol.";true;false
"00795";"gran. (zakjes) Forte Instant";"gran. (sachet) Forte Instant";true;false
"00796";"oploss. (zakjes) Unidose";"sol. (sachet) Unidose";true;false
"00797";"orofar. zuigtabl. Cassis";"past. orophar. Cassis";true;false
"00798";"orofar. zuigtabl. Citroen";"past. orophar. Citron";true;false
"00799";"maagsapresist. tabl. Enteric Coated";"compr. gastro-résist. Enteric Coated";true;false
"00800";"transderm. pleister Clear";"dispositif transderm. Clear";true;false
"00801";"medic. kauwgom";"gomme à mâcher médic.";true;false
"00802";"medic. kauwgom Fruit";"gomme à mâcher médic. Fruit";true;false
"00803";"oromuc. zuigtabl. Freshmint";"past. oromuq. Freshmint";true;false
"00804";"tabl. D";"compr. D";true;false
"00805";"medic. kauwgom Freshmint";"gomme à mâcher médic. Freshmint";true;false
"00806";"filmomh. tabl. Fasttabs";"compr. pellic. Fasttabs";true;false
"00807";"verband Hiel/Elleboog";"pansement Talon/Coude";true;false
"00808";"omh. tabl. Kinderen";"compr. enr. Enfants";true;false
"00809";"harde caps. Fastcaps";"gél. Fastcaps";true;false
"00810";"tabl. verl. afgifte Ocas";"compr. lib. prol. Ocas";true;false
"00811";"harde caps. verl. afgifte Slow Release";"gél. lib. prol. Slow Release";true;false
"00812";"orofar. caps. Parels Munt";"caps. orophar. Perles Menthe";true;false
"00813";"orofar. caps. Parels";"caps. orophar. Perles";true;false
"00814";"harde caps. Immediate Release";"gél. Immediate Release";true;false
"00815";"gran. verl. afgifte (zakjes)";"gran. lib. prol. (sachet)";true;false
"00816";"verband [Rond]";"pansement [Rond]";true;false
"00817";"disp. tabl. (deelb.) Dispers";"compr. disp. (séc.) Dispers";true;false
"00818";"harde caps. verl. afgifte HBS";"gél. lib. prol. HBS";true;false
"00819";"harde caps. geregul. afgifte HCl Retard";"gél. lib. modif. HCl Retard";true;false
"00820";"orodisp. tabl. SolTab";"compr. orodisp. SolTab";true;false
"00821";"kauwtabl. Orange";"compr. à croquer Orange";true;false
"00822";"tabl. verl. afgifte Modutab";"compr. lib. prol. Modutab";true;false
"00823";"orodisp. tabl. Instasolv";"compr. orodisp. Instasolv";true;false
"00824";"filmomh. tabl. (deelb. in 3)";"compr. pellic. (séc. en 3)";true;false
"00825";"filmomh. tabl. GE";"compr. pellic. GE";true;false
"00826";"maagsapresist. tabl. E.C.";"compr. gastro-résist. E.C.";true;false
"00827";"tabl. (deelb.) Volw.";"compr. (séc.) Adulte";true;false
"00828";"harde caps. verl. afgifte L.A.";"gél. lib. prol. L.A.";true;false
"00829";"tabl. verl. afgifte (deelb.) L.A.";"compr. lib. prol. (séc.) L.A.";true;false
"00830";"tabl. verl. afgifte XR";"compr. lib. prol. XR";true;false
"00831";"tabl. verl. afgifte (deelb.) 25";"compr. lib. prol. (séc.) 25";true;false
"00832";"harde caps. Forte";"gél. Forte";true;false
"00833";"kauwtabl. D3 Citroen";"compr. à croquer D3 Citron";true;false
"00834";"filmomh. tabl. D3";"compr. pellic. D3";true;false
"00835";"orofar. zuigtabl. (zonder suiker) Suikervrij";"past. orophar. (sans sucre) Sans Sucre";true;false
"00836";"bruistabl. Forte Sinaasappel";"compr. efferv. Forte Orange";true;false
"00837";"orofar. zuigtabl. (zonder suiker) Suikervrij Aardbei";"past. orophar. (sans sucre) Sans Sucre Fraise";true;false
"00838";"orofar. zuigtabl. (zonder suiker) Suikervrij Citroen";"past. orophar. (sans sucre) Sans Sucre Citron";true;false
"00839";"verband Zelfklevend";"pansement Auto-adhésif";true;false
"00840";"verband Sacrum Niet-klevend";"pansement Sacrum Non adhésif";true;false
"00841";"orofar. zuigtabl. Vit. C Sinaasappel";"past. orophar. Vit. C Orange";true;false
"00842";"tabl. (deelb.) Tabs";"compr. (séc.) Tabs";true;false
"00843";"verband Sacraal";"pansement Sacral";true;false
"00844";"verband Adhesive [Ovaal]";"pansement Adhesive [Ovale]";true;false
"00845";"verband Adhesive hiel [Rond]";"pansement Adhesive talon [Rond]";true;false
"00846";"verband Rol";"pansement Rouleau";true;false
"00847";"verband Tracheo";"pansement Trachéo-fenestré";true;false
"00848";"zachte maagsapresist. caps.";"caps. molle gastro-résist.";true;false
"00849";"tabl. geregul. afgifte (deelb.) CR";"compr. lib. modif. (séc.) CR";true;false
"00850";"lyofilisaat Expidet";"lyophilisat Expidet";true;false
"00851";"verband Thin [Ovaal]";"pansement Thin [Ovale]";true;false
"00852";"subling. tabl. (deelb.)";"compr. subling. (séc.)";true;false
"00853";"tabl. (deelb.) Minor";"compr. (séc.) Minor";true;false
"00854";"tabl. Mitis";"compr. Mitis";true;false
"00855";"oromuc. muco-adh. tabl.";"compr. muco-adh. oromuq.";true;false
"00856";"tabl. verl. afgifte (deelb.) Retard 500";"compr. lib. prol. (séc.) Retard 500";true;false
"00857";"omh. tabl. Bedtime";"compr. enr. Bedtime";true;false
"00858";"omh. tabl. Relax";"compr. enr. Relax";true;false
"00859";"tabl. verl. afgifte (deelb.) Retard 300";"compr. lib. prol. (séc.) Retard 300";true;false
"00860";"tabl. verl. afgifte (deelb.) 300";"compr. lib. prol. (séc.) 300";true;false
"00861";"zachte caps. or.";"caps. molle or.";true;false
"00862";"tabl. verl. afgifte (deelb.) 500";"compr. lib. prol. (séc.) 500";true;false
"00863";"zuigtabl. Honing";"past. Miel";true;false
"00864";"tabl. geregul. afgifte XR";"compr. lib. modif. XR";true;false
"00865";"bruistabl. Soluble";"compr. efferv. Soluble";true;false
"00866";"orodisp. tabl. Velotab";"compr. orodisp. Velotab";true;false
"00867";"i.uter. systeem";"dispositif i.utér.";true;false
